frame,mode,readback_ms,frame_ms
7944,DB_ON,6.2166,11.3658
7945,DB_ON,5.134,9.7569
7946,DB_ON,6.4114,11.6269
7947,DB_ON,5.5658,9.8126
7948,DB_ON,6.5913,11.8391
7949,DB_ON,5.4142,10.3792
7950,DB_ON,6.3358,11.5976
7951,DB_ON,5.4319,10.2197
7952,DB_ON,5.8584,11.0165
7953,DB_ON,5.3787,10.16
7954,DB_ON,6.3145,11.5594
7955,DB_ON,5.7486,10.3939
7956,DB_ON,6.1237,11.4815
7957,DB_ON,5.5467,10.0617
7958,DB_ON,6.6738,11.7939
7959,DB_ON,5.4128,10.4808
7960,DB_ON,6.2666,11.4439
7961,DB_ON,5.7207,10.8236
7962,DB_ON,5.7918,11.0271
7963,DB_ON,5.5727,10.0309
7964,DB_ON,6.6826,11.9804
7965,DB_ON,5.2208,10.117
7966,DB_ON,6.4014,11.6137
7967,DB_ON,5.7149,10.4525
7968,DB_ON,6.2005,11.4687
7969,DB_ON,5.6142,10.2063
7970,DB_ON,6.3814,11.7996
7971,DB_ON,4.9638,10.1241
7972,DB_ON,6.3388,11.664
7973,DB_ON,4.7202,9.9966
7974,DB_ON,5.7359,10.9619
7975,DB_ON,5.4075,9.9357
7976,DB_ON,6.5468,11.7165
7977,DB_ON,4.8229,9.6595
7978,DB_ON,6.3514,11.5098
7979,DB_ON,5.2899,10.2974
7980,DB_ON,5.6779,10.8983
7981,DB_ON,5.3592,9.8066
7982,DB_ON,6.1293,11.3148
7983,DB_ON,5.1222,10.136
7984,DB_ON,6.3509,11.6165
7985,DB_ON,5.2836,10.1038
7986,DB_ON,6.0742,11.2964
7987,DB_ON,4.8702,9.6393
7988,DB_ON,6.513,11.5789
7989,DB_ON,5.2176,10.0043
7990,DB_ON,6.3061,11.5306
7991,DB_ON,5.7,10.5044
7992,DB_ON,5.3875,10.6805
7993,DB_ON,5.4196,9.8851
7994,DB_ON,6.6535,11.8927
7995,DB_ON,5.2558,10.2002
7996,DB_ON,6.4843,11.6518
7997,DB_ON,5.7213,10.7438
7998,DB_ON,5.6853,10.9644
7999,DB_ON,5.6283,10.3451
8000,DB_ON,5.8147,11.3615
8001,DB_ON,5.3244,10.4218
8002,DB_ON,6.358,11.9226
8003,DB_ON,5.1906,9.801
8004,DB_ON,6.2382,11.5568
8005,DB_ON,5.5681,10.067
8006,DB_ON,6.5563,11.7116
8007,DB_ON,5.3679,10.46
8008,DB_ON,6.2981,11.5204
8009,DB_ON,5.6555,10.2159
8010,DB_ON,6.5445,11.6903
8011,DB_ON,5.4362,9.9766
8012,DB_ON,6.6327,11.8379
8013,DB_ON,5.3628,10.2568
8014,DB_ON,6.1396,11.5233
8015,DB_ON,5.7954,10.477
8016,DB_ON,6.1529,11.3419
8017,DB_ON,4.9574,9.6858
8018,DB_ON,6.4923,11.6426
8019,DB_ON,5.3087,10.1516
8020,DB_ON,6.568,11.7769
8021,DB_ON,5.7301,10.719
8022,DB_ON,6.0679,11.2417
8023,DB_ON,5.7861,10.4762
8024,DB_ON,6.4995,11.6661
8025,DB_ON,5.443,10.4679
8026,DB_ON,6.3259,11.6247
8027,DB_ON,5.5476,10.4728
8028,DB_ON,6.4826,11.7293
8029,DB_ON,5.7071,10.5347
8030,DB_ON,6.3973,11.5792
8031,DB_ON,5.4943,10.5268
8032,DB_ON,6.2426,11.5281
8033,DB_ON,5.2416,10.4102
8034,DB_ON,6.3601,11.5594
8035,DB_ON,5.4275,10.0525
8036,DB_ON,6.5458,11.898
8037,DB_ON,5.3263,10.2299
8038,DB_ON,6.3032,11.5426
8039,DB_ON,5.2722,10.5854
8040,DB_ON,6.1502,11.3281
8041,DB_ON,5.6159,10.0509
8042,DB_ON,6.5437,11.8547
8043,DB_ON,5.7419,10.2184
8044,DB_ON,6.506,11.7843
8045,DB_ON,5.468,10.179
8046,DB_ON,6.0043,11.3367
8047,DB_ON,5.5306,10.2481
8048,DB_ON,6.0797,11.5974
8049,DB_ON,5.1592,10.1384
8050,DB_ON,6.0051,11.9042
8051,DB_ON,4.6782,9.6889
8052,DB_ON,6.4709,11.8923
8053,DB_ON,5.4334,9.9291
8054,DB_ON,6.2246,11.5254
8055,DB_ON,5.0365,9.9839
8056,DB_ON,6.3634,11.5408
8057,DB_ON,5.026,10.2382
8058,DB_ON,5.8122,11.0416
8059,DB_ON,5.7918,10.1452
8060,DB_ON,6.6612,11.7753
8061,DB_ON,5.4818,10.5651
8062,DB_ON,6.2631,11.9297
8063,DB_ON,4.3785,9.5947
8064,DB_ON,5.849,11.199
8065,DB_ON,5.396,9.8372
8066,DB_ON,6.461,12.0276
8067,DB_ON,4.6952,9.6047
8068,DB_ON,6.135,11.3875
8069,DB_ON,5.0695,9.988
8070,DB_ON,6.3318,12.1247
8071,DB_ON,5.1398,9.9135
8072,DB_ON,6.2263,11.5774
8073,DB_ON,5.0775,10.0064
8074,DB_ON,6.4692,11.9517
8075,DB_ON,4.8217,9.7984
8076,DB_ON,6.4694,11.7972
8077,DB_ON,5.3476,9.9147
8078,DB_ON,6.7368,12.0548
8079,DB_ON,5.1812,10.2706
8080,DB_ON,6.1472,11.461
8081,DB_ON,5.6433,10.432
8082,DB_ON,5.8884,11.2283
8083,DB_ON,5.2842,10.1304
8084,DB_ON,6.1904,11.4121
8085,DB_ON,5.556,10.202
8086,DB_ON,6.3362,11.9781
8087,DB_ON,4.7893,9.993
8088,DB_ON,6.3303,11.6848
8089,DB_ON,5.2489,9.8792
8090,DB_ON,5.8717,11.4315
8091,DB_ON,4.9379,9.644
8092,DB_ON,5.8747,11.2751
8093,DB_ON,4.8055,10.1576
8094,DB_ON,6.1913,11.4738
8095,DB_ON,5.5048,10.2988
8096,DB_ON,6.2866,11.5839
8097,DB_ON,5.6032,9.8885
8098,DB_ON,6.5293,12.332
8099,DB_ON,4.8365,9.8784
8100,DB_ON,6.408,11.3065
8101,DB_ON,5.8091,10.3878
8102,DB_ON,6.5903,11.9352
8103,DB_ON,5.6252,10.0664
8104,DB_ON,6.4487,12.104
8105,DB_ON,4.7539,9.7952
8106,DB_ON,6.1147,11.7887
8107,DB_ON,5.4052,9.8096
8108,DB_ON,6.5923,11.8564
8109,DB_ON,5.6807,10.1516
8110,DB_ON,6.4347,11.7251
8111,DB_ON,5.1076,10.2587
8112,DB_ON,6.2776,11.5991
8113,DB_ON,5.62,10.2333
8114,DB_ON,6.5671,12.1398
8115,DB_ON,4.941,10.179
8116,DB_ON,6.4269,11.8518
8117,DB_ON,5.1384,10.2787
8118,DB_ON,6.1095,11.7651
8119,DB_ON,5.5083,10.2719
8120,DB_ON,6.4523,11.6595
8121,DB_ON,5.5003,10.5015
8122,DB_ON,6.3981,11.6208
8123,DB_ON,5.2464,10.3891
8124,DB_ON,6.1734,11.4031
8125,DB_ON,5.3558,9.7446
8126,DB_ON,6.1846,11.4536
8127,DB_ON,5.358,10.5012
8128,DB_ON,5.6394,10.9723
8129,DB_ON,5.2044,10.2415
8130,DB_ON,5.6129,10.8583
8131,DB_ON,5.4259,9.9223
8132,DB_ON,5.9012,11.2805
8133,DB_ON,4.9763,9.8473
8134,DB_ON,6.523,11.6762
8135,DB_ON,5.0279,10.2233
8136,DB_ON,5.7773,11.0178
8137,DB_ON,5.8876,10.3314
8138,DB_ON,6.4928,11.758
8139,DB_ON,4.7662,9.7176
8140,DB_ON,6.0155,11.2705
8141,DB_ON,5.3217,10.4958
8142,DB_ON,6.0785,11.2462
8143,DB_ON,5.8598,10.5175
8144,DB_ON,6.1663,11.326
8145,DB_ON,4.9794,9.8499
8146,DB_ON,5.7557,11.027
8147,DB_ON,5.7192,10.7961
8148,DB_ON,6.2565,11.3953
8149,DB_ON,5.9881,10.2648
8150,DB_ON,6.4966,11.6604
8151,DB_ON,4.9835,10.1815
8152,DB_ON,6.4484,11.6856
8153,DB_ON,5.1598,10.1687
8154,DB_ON,6.3858,11.9232
8155,DB_ON,5.5271,9.8897
8156,DB_ON,6.2217,11.6877
8157,DB_ON,5.2872,9.9789
8158,DB_ON,6.5392,12.3223
8159,DB_ON,4.7083,10.1449
8160,DB_ON,5.5725,10.8787
8161,DB_ON,5.0591,9.9037
8162,DB_ON,5.4155,10.9802
8163,DB_ON,4.5658,9.3729
8164,DB_ON,5.9685,11.551
8165,DB_ON,5.0568,9.762
8166,DB_ON,5.4499,10.6565
8167,DB_ON,5.4333,10.5258
8168,DB_ON,5.525,11.0303
8169,DB_ON,4.7091,9.8428
8170,DB_ON,5.8231,11.775
8171,DB_ON,3.9475,9.4277
8172,DB_ON,5.5871,10.8258
8173,DB_ON,6.0788,10.6256
8174,DB_ON,6.4819,11.7915
8175,DB_ON,4.9573,9.7948
8176,DB_ON,6.4093,11.8164
8177,DB_ON,5.353,10.554
8178,DB_ON,6.2286,11.6384
8179,DB_ON,5.7035,10.2347
8180,DB_ON,6.1805,11.5903
8181,DB_ON,6.0488,10.5398
8182,DB_ON,6.4607,12.0051
8183,DB_ON,5.6698,11.1915
8184,DB_ON,5.2302,10.5769
8185,DB_ON,5.899,10.5416
8186,DB_ON,6.0258,11.4174
8187,DB_ON,5.8742,10.5161
8188,DB_ON,6.0651,11.5456
8189,DB_ON,5.5728,10.1228
8190,DB_ON,6.2995,11.8169
8191,DB_ON,4.9316,10.2349
8192,DB_ON,5.4511,11.1171
8193,DB_ON,5.5023,10.6796
8194,DB_ON,6.0048,11.8738
8195,DB_ON,5.1214,9.7438
8196,DB_ON,6.2903,11.7305
8197,DB_ON,5.2649,10.2105
8198,DB_ON,5.164,10.5823
8199,DB_ON,5.5956,10.5072
8200,DB_ON,5.9333,11.8043
8201,DB_ON,4.3626,9.5055
8202,DB_ON,5.762,11.8409
8203,DB_ON,4.0748,9.0571
8204,DB_ON,5.4215,11.1102
8205,DB_ON,5.5373,10.6188
8206,DB_ON,5.5163,11.9551
8207,DB_ON,4.6867,10.6692
8208,DB_ON,4.8437,10.2829
8209,DB_ON,5.8001,10.5797
8210,DB_ON,5.7246,11.3428
8211,DB_ON,5.7277,10.3076
8212,DB_ON,6.0559,11.8137
8213,DB_ON,5.2548,10.5698
8214,DB_ON,5.7456,11.2219
8215,DB_ON,5.4736,10.1921
8216,DB_ON,5.639,11.2407
8217,DB_ON,5.4721,9.9969
8218,DB_ON,6.1332,12.0054
8219,DB_ON,5.1506,10.754
8220,DB_ON,5.2448,10.7498
8221,DB_ON,5.6007,10.2951
8222,DB_ON,5.9137,11.3806
8223,DB_ON,5.858,10.2377
8224,DB_ON,6.658,12.3438
8225,DB_ON,5.44,11.0293
8226,DB_ON,5.1211,10.4112
8227,DB_ON,5.9013,10.2976
8228,DB_ON,6.243,11.5846
8229,DB_ON,6.088,10.5827
8230,DB_ON,6.0783,11.5397
8231,DB_ON,5.7883,10.3751
8232,DB_ON,6.1323,11.3354
8233,DB_ON,5.9112,10.5143
8234,DB_ON,6.0259,11.3079
8235,DB_ON,5.9526,10.4219
8236,DB_ON,6.5581,11.5028
8237,DB_ON,5.8503,10.5698
8238,DB_ON,5.9097,11.2343
8239,DB_ON,5.9658,10.7105
8240,DB_ON,5.8022,11.8114
8241,DB_ON,4.9249,10.2
8242,DB_ON,6.1197,11.575
8243,DB_ON,4.9549,11.2036
8244,DB_ON,4.7397,9.8849
8245,DB_ON,6.2864,10.8627
8246,DB_ON,5.9729,11.3718
8247,DB_ON,5.7513,10.352
8248,DB_ON,6.472,11.9031
8249,DB_ON,5.4309,10.9181
8250,DB_ON,5.2261,10.3982
8251,DB_ON,6.0918,10.6817
8252,DB_ON,5.9827,11.8189
8253,DB_ON,5.4405,10.0278
8254,DB_ON,6.0141,11.8646
8255,DB_ON,4.4459,9.9797
8256,DB_ON,5.3387,10.443
8257,DB_ON,6.2122,10.8985
8258,DB_ON,5.8689,11.1509
8259,DB_ON,5.7787,10.287
8260,DB_ON,6.4562,11.9512
8261,DB_ON,5.4192,10.2187
8262,DB_ON,5.7662,11.1515
8263,DB_ON,5.9764,10.6268
8264,DB_ON,6.1418,11.7177
8265,DB_ON,5.0937,9.6641
8266,DB_ON,6.1304,12.1964
8267,DB_ON,4.8412,10.2165
8268,DB_ON,5.6111,11.2596
8269,DB_ON,5.2827,10.2437
8270,DB_ON,5.5014,11.1931
8271,DB_ON,5.5701,10.2216
8272,DB_ON,6.1397,11.8574
8273,DB_ON,5.3387,10.0014
8274,DB_ON,6.2768,11.9732
8275,DB_ON,5.2423,10.2069
8276,DB_ON,5.6756,11.1727
8277,DB_ON,5.3217,10.2352
8278,DB_ON,6.2599,12.2403
8279,DB_ON,4.8308,10.1944
8280,DB_ON,5.7822,11.442
8281,DB_ON,5.3626,10.4447
8282,DB_ON,5.5274,11.2141
8283,DB_ON,5.616,10.1923
8284,DB_ON,6.0611,12.1661
8285,DB_ON,4.8706,10.2996
8286,DB_ON,4.7269,10.8008
8287,DB_ON,5.468,10.0795
8288,DB_ON,6.3483,11.8751
8289,DB_ON,5.1108,9.9113
8290,DB_ON,6.1048,11.6496
8291,DB_ON,5.0327,10.5277
8292,DB_ON,5.0644,11.0336
8293,DB_ON,5.2312,9.922
8294,DB_ON,6.3629,11.9378
8295,DB_ON,5.1038,9.9367
8296,DB_ON,6.0808,11.7113
8297,DB_ON,5.6669,10.9417
8298,DB_ON,5.2288,11.1022
8299,DB_ON,5.3189,9.9516
8300,DB_ON,6.3286,11.7575
8301,DB_ON,5.4309,10.0888
8302,DB_ON,6.2457,11.7285
8303,DB_ON,5.209,11.1913
8304,DB_ON,4.8227,10.0362
8305,DB_ON,6.0989,10.7699
8306,DB_ON,6.1659,11.7709
8307,DB_ON,5.3547,10.1094
8308,DB_ON,6.215,11.6849
8309,DB_ON,5.3054,10.2309
8310,DB_ON,5.5653,11.3161
8311,DB_ON,5.3923,9.9964
8312,DB_ON,6.4328,11.9014
8313,DB_ON,5.2712,9.9268
8314,DB_ON,6.0634,12.2445
8315,DB_ON,5.0264,10.1762
8316,DB_ON,5.3039,11.1053
8317,DB_ON,5.3435,10.2189
8318,DB_ON,6.1664,12.342
8319,DB_ON,4.5367,9.5346
8320,DB_ON,5.8614,11.4084
8321,DB_ON,5.6299,11.0808
8322,DB_ON,5.0924,10.8984
8323,DB_ON,5.5046,10.5461
8324,DB_ON,5.9806,11.5267
8325,DB_ON,5.0733,11.0172
8326,DB_ON,4.9919,10.63
8327,DB_ON,5.2434,10.0264
8328,DB_ON,6.2677,11.6912
8329,DB_ON,5.5276,10.2897
8330,DB_ON,5.8015,11.501
8331,DB_ON,5.3289,10.0378
8332,DB_ON,6.3723,11.8249
8333,DB_ON,5.3954,10.5575
8334,DB_ON,5.7086,11.2268
8335,DB_ON,5.3046,9.9451
8336,DB_ON,5.8857,11.3171
8337,DB_ON,5.2586,9.736
8338,DB_ON,5.6591,10.947
8339,DB_ON,5.8159,10.9798
8340,DB_ON,5.1227,10.843
8341,DB_ON,4.9572,9.9883
8342,DB_ON,6.0865,11.5839
8343,DB_ON,5.5574,10.1302
8344,DB_ON,6.2999,11.8595
8345,DB_ON,5.2398,10.395
8346,DB_ON,5.3823,10.7933
8347,DB_ON,6.0858,10.7702
8348,DB_ON,6.1764,11.6511
8349,DB_ON,5.4384,10.039
8350,DB_ON,6.1887,11.9956
8351,DB_ON,5.3334,10.3661
8352,DB_ON,5.6688,11.5583
8353,DB_ON,5.5624,10.1441
8354,DB_ON,6.0623,11.7459
8355,DB_ON,5.7645,10.7934
8356,DB_ON,5.955,11.8806
8357,DB_ON,5.2878,10.7979
8358,DB_ON,5.2504,11.3309
8359,DB_ON,4.936,10.8239
8360,DB_ON,4.3452,10.9944
8361,DB_ON,3.933,9.7054
8362,DB_ON,5.0771,12.3066
8363,DB_ON,3.6826,9.2234
8364,DB_ON,5.1091,11.746
8365,DB_ON,3.8908,9.9702
8366,DB_ON,4.7761,11.4802
8367,DB_ON,4.2097,10.5082
8368,DB_ON,4.5129,11.3796
8369,DB_ON,4.4042,10.7828
8370,DB_ON,4.1246,11.2892
8371,DB_ON,3.9872,10.9264
8372,DB_ON,4.163,11.5419
8373,DB_ON,3.4679,10.2405
8374,DB_ON,4.2188,11.7464
8375,DB_ON,3.3639,10.7829
8376,DB_ON,3.4062,11.2379
8377,DB_ON,2.6721,10.1506
8378,DB_ON,3.1942,11.2114
8379,DB_ON,3.1708,10.9078
8380,DB_ON,2.713,11.021
8381,DB_ON,2.8558,11.4313
8382,DB_ON,1.513,10.3439
8383,DB_ON,2.674,10.7698
8384,DB_ON,2.5249,10.5386
8385,DB_ON,2.8521,10.2066
8386,DB_ON,3.4071,11.8627
8387,DB_ON,2.2363,10.3838
8388,DB_ON,2.7232,10.8958
8389,DB_ON,3.2644,10.3737
8390,DB_ON,3.5541,11.8012
8391,DB_ON,2.6796,10.7919
8392,DB_ON,2.9185,10.8538
8393,DB_ON,3.0425,11.172
8394,DB_ON,2.3586,10.8562
8395,DB_ON,2.7863,10.862
8396,DB_ON,2.9232,11.5778
8397,DB_ON,1.8841,10.0816
8398,DB_ON,2.7653,10.7974
8399,DB_ON,2.885,11.0221
8400,DB_ON,2.1881,10.9446
8401,DB_ON,2.6377,10.6859
8402,DB_ON,2.9189,11.2967
8403,DB_ON,2.5938,10.2893
8404,DB_ON,3.2428,11.2225
8405,DB_ON,2.6374,10.4999
8406,DB_ON,2.744,11.6533
8407,DB_ON,2.1107,10.5943
8408,DB_ON,2.4138,10.7921
8409,DB_ON,2.3213,10.2927
8410,DB_ON,3.1872,11.8624
8411,DB_ON,2.4927,10.6691
8412,DB_ON,2.778,10.7878
8413,DB_ON,2.9041,11.0693
8414,DB_ON,2.3711,11.2075
8415,DB_ON,2.1481,10.6128
8416,DB_ON,2.8376,10.9502
8417,DB_ON,2.9477,11.5059
8418,DB_ON,2.0723,10.794
8419,DB_ON,2.5857,11.0127
8420,DB_ON,1.8972,10.6185
8421,DB_ON,2.7658,10.7917
8422,DB_ON,2.9801,10.9602
8423,DB_ON,2.956,11.4391
8424,DB_ON,2.1484,10.8318
8425,DB_ON,2.918,10.9283
8426,DB_ON,2.4154,10.8363
8427,DB_ON,2.7387,11.1468
8428,DB_ON,2.9753,11.338
8429,DB_ON,2.8102,11.2711
8430,DB_ON,1.5272,10.825
8431,DB_ON,2.2279,10.9815
8432,DB_ON,2.2269,10.9714
8433,DB_ON,2.5642,10.7259
8434,DB_ON,2.6308,11.1522
8435,DB_ON,2.7084,11.1564
8436,DB_ON,2.5028,10.933
8437,DB_ON,2.5041,10.5559
8438,DB_ON,2.6261,11.3834
8439,DB_ON,2.5354,10.636
8440,DB_ON,2.9149,11.355
8441,DB_ON,2.7148,11.2349
8442,DB_ON,2.2197,10.7347
8443,DB_ON,2.4889,10.8823
8444,DB_ON,2.2864,10.9954
8445,DB_ON,2.5478,10.749
8446,DB_ON,2.4998,11.5585
8447,DB_ON,2.4091,10.9154
8448,DB_ON,2.2658,10.5636
8449,DB_ON,2.6626,12.1068
8450,DB_ON,6.9988,16.5069
8451,DB_ON,6.7128,16.1621
8452,DB_ON,7.4571,15.9254
8453,DB_ON,2.7764,10.8567
8454,DB_ON,2.6134,11.0915
8455,DB_ON,2.027,9.9629
8456,DB_ON,2.1755,10.8271
8457,DB_ON,2.7629,10.4124
8458,DB_ON,3.1981,12.5085
8459,DB_ON,6.8104,15.2666
8460,DB_ON,1.3727,11.1269
8461,DB_ON,7.0041,15.541
8462,DB_ON,2.7582,11.0811
8463,DB_ON,2.5447,10.8329
8464,DB_ON,2.7365,11.38
8465,DB_ON,1.9918,9.8466
8466,DB_ON,3.4001,12.7393
8467,DB_ON,6.9289,14.3945
8468,DB_ON,3.4807,11.8408
8469,DB_ON,2.224,10.224
8470,DB_ON,3.2317,11.508
8471,DB_ON,2.6418,10.9175
8472,DB_ON,2.3353,10.399
8473,DB_ON,2.6883,11.0829
8474,DB_ON,2.7649,11.1374
8475,DB_ON,2.2718,10.1149
8476,DB_ON,3.5596,11.9988
8477,DB_ON,1.9717,9.9618
8478,DB_ON,3.3086,11.3122
8479,DB_ON,3.0558,10.8807
8480,DB_ON,3.069,11.5711
8481,DB_ON,2.0036,10.0462
8482,DB_ON,3.3223,11.7038
8483,DB_ON,2.2444,9.9736
8484,DB_ON,3.3754,11.4691
8485,DB_ON,2.9148,10.7076
8486,DB_ON,3.1176,11.6084
8487,DB_ON,2.4917,9.9555
8488,DB_ON,3.8157,11.7103
8489,DB_ON,2.4824,10.127
8490,DB_ON,3.805,11.7913
8491,DB_ON,2.9968,10.2966
8492,DB_ON,3.8505,12.1781
8493,DB_ON,2.1119,9.5983
8494,DB_ON,4.115,12.4429
8495,DB_ON,2.1717,9.831
8496,DB_ON,3.4382,11.419
8497,DB_ON,2.9532,10.3474
8498,DB_ON,3.6877,12.397
8499,DB_ON,1.7786,9.3026
8500,DB_ON,3.8567,12.3322
8501,DB_ON,2.029,10.3054
8502,DB_ON,2.9599,11.6918
8503,DB_ON,1.96,9.7495
8504,DB_ON,3.2738,11.3337
8505,DB_ON,2.5373,10.1706
8506,DB_ON,3.5122,12.0134
8507,DB_ON,2.3359,10.0883
8508,DB_ON,3.7471,11.6851
8509,DB_ON,3.1332,10.504
8510,DB_ON,3.5684,12.0493
8511,DB_ON,2.097,9.6709
8512,DB_ON,4.0215,11.9724
8513,DB_ON,2.5071,10.1967
8514,DB_ON,3.4365,11.7535
8515,DB_ON,2.7105,10.4017
8516,DB_ON,3.1214,11.3298
8517,DB_ON,2.7459,10.1457
8518,DB_ON,3.4482,12.1447
8519,DB_ON,1.8533,9.5688
8520,DB_ON,3.807,11.921
8521,DB_ON,2.7449,10.2329
8522,DB_ON,2.8709,12.1749
8523,DB_ON,1.7285,10.0326
8524,DB_ON,3.2146,11.6505
8525,DB_ON,2.1104,9.7337
8526,DB_ON,3.832,12.0201
8527,DB_ON,2.8124,10.0115
8528,DB_ON,3.9379,12.1091
8529,DB_ON,2.1899,9.6513
8530,DB_ON,4.107,12.333
8531,DB_ON,2.412,9.8128
8532,DB_ON,3.7879,11.758
8533,DB_ON,2.9634,10.1617
8534,DB_ON,3.8814,12.023
8535,DB_ON,2.3454,9.7347
8536,DB_ON,3.7669,12.4256
8537,DB_ON,2.1794,9.4848
8538,DB_ON,3.6374,11.5793
8539,DB_ON,2.2634,8.9805
8540,DB_ON,4.6407,11.5949
8541,DB_ON,3.8827,10.0672
8542,DB_ON,4.6297,11.7709
8543,DB_ON,3.5891,9.2194
8544,DB_ON,5.3136,11.8301
8545,DB_ON,4.4053,10.052
8546,DB_ON,5.2496,11.5037
8547,DB_ON,4.2989,9.6189
8548,DB_ON,5.9315,11.817
8549,DB_ON,5.0694,10.058
8550,DB_ON,6.0483,11.8156
8551,DB_ON,5.0591,9.7205
8552,DB_ON,6.424,11.8153
8553,DB_ON,4.6614,9.5691
8554,DB_ON,6.0945,11.7057
8555,DB_ON,5.6146,10.3837
8556,DB_ON,6.3212,11.577
8557,DB_ON,5.784,10.2012
8558,DB_ON,6.6183,11.9538
8559,DB_ON,5.5508,10.1237
8560,DB_ON,6.7599,11.9129
8561,DB_ON,5.5162,10.6473
8562,DB_ON,6.3149,11.5339
8563,DB_ON,5.8105,10.2194
8564,DB_ON,6.6689,11.9476
8565,DB_ON,5.4197,10.3211
8566,DB_ON,6.3626,12.1128
8567,DB_ON,4.9467,10.1614
8568,DB_ON,6.0263,11.4378
8569,DB_ON,5.5894,10.0515
8570,DB_ON,6.4007,11.6167
8571,DB_ON,5.0605,9.9721
8572,DB_ON,5.9203,11.1965
8573,DB_ON,5.7903,10.6394
8574,DB_ON,6.0646,11.3727
8575,DB_ON,5.6972,10.1077
8576,DB_ON,6.6157,11.9851
8577,DB_ON,5.1877,9.6384
8578,DB_ON,6.6557,12.4331
8579,DB_ON,5.242,10.1924
8580,DB_ON,5.6794,11.1103
8581,DB_ON,5.1749,10.2503
8582,DB_ON,6.3741,11.7831
8583,DB_ON,5.1734,10.0876
8584,DB_ON,6.2298,11.5043
8585,DB_ON,5.7764,10.6132
8586,DB_ON,5.8571,11.1352
8587,DB_ON,5.6272,9.98
8588,DB_ON,6.7121,11.871
8589,DB_ON,5.3716,10.1804
8590,DB_ON,6.494,11.7018
8591,DB_ON,5.8001,10.6261
8592,DB_ON,5.7956,10.9839
8593,DB_ON,5.7828,10.3268
8594,DB_ON,6.1251,11.6426
8595,DB_ON,5.5547,9.9186
8596,DB_ON,6.5319,11.8003
8597,DB_ON,5.542,10.1507
8598,DB_ON,6.2667,11.7189
8599,DB_ON,5.4919,10.1019
8600,DB_ON,6.4393,11.6505
8601,DB_ON,4.5174,9.2492
8602,DB_ON,6.4274,11.7573
8603,DB_ON,5.4927,10.4633
8604,DB_ON,5.8508,11.3055
8605,DB_ON,5.6385,10.4083
8606,DB_ON,6.0875,11.1302
8607,DB_ON,5.7167,10.617
8608,DB_ON,6.4285,11.6922
8609,DB_ON,5.3499,10.3722
8610,DB_ON,6.3848,11.666
8611,DB_ON,5.3359,9.9289
8612,DB_ON,6.3157,11.5796
8613,DB_ON,5.4901,10.137
8614,DB_ON,6.5939,12.3151
8615,DB_ON,4.6272,9.7966
8616,DB_ON,5.7531,11.2359
8617,DB_ON,5.7378,10.5444
8618,DB_ON,5.487,10.6096
8619,DB_ON,6.1566,10.7303
8620,DB_ON,6.4163,11.7114
8621,DB_ON,5.3198,10.5305
8622,DB_ON,5.9293,11.3191
8623,DB_ON,5.6935,10.4001
8624,DB_ON,5.8648,11.033
8625,DB_ON,5.8118,10.3173
8626,DB_ON,6.5166,12.3348
8627,DB_ON,5.0341,9.7073
8628,DB_ON,6.2311,11.597
8629,DB_ON,5.4161,10.0015
8630,DB_ON,6.3998,11.7478
8631,DB_ON,5.318,10.3958
8632,DB_ON,5.7877,11.1504
8633,DB_ON,5.5422,10.2165
8634,DB_ON,6.3606,11.7206
8635,DB_ON,5.5488,10.041
8636,DB_ON,6.2408,11.6553
8637,DB_ON,4.9348,9.7189
8638,DB_ON,6.4974,11.6736
8639,DB_ON,5.3897,10.3964
8640,DB_ON,6.1789,11.5588
8641,DB_ON,5.5453,10.4198
8642,DB_ON,5.8246,11.1037
8643,DB_ON,5.7008,10.1623
8644,DB_ON,6.6311,12.4212
8645,DB_ON,4.9418,9.7605
8646,DB_ON,6.4246,12.0066
8647,DB_ON,5.4551,10.138
8648,DB_ON,6.3356,11.844
8649,DB_ON,5.1588,9.8024
8650,DB_ON,6.5184,12.701
8651,DB_ON,4.5064,9.3773
8652,DB_ON,6.6442,12.1312
8653,DB_ON,5.5542,10.1599
8654,DB_ON,6.1616,11.8287
8655,DB_ON,4.9991,9.8954
8656,DB_ON,6.3681,11.7372
8657,DB_ON,5.488,10.1529
8658,DB_ON,6.3575,12.0411
8659,DB_ON,4.9271,9.579
8660,DB_ON,6.4583,11.8892
8661,DB_ON,5.3743,10.1873
8662,DB_ON,6.2799,11.8682
8663,DB_ON,5.4954,10.1014
8664,DB_ON,6.2049,11.7246
8665,DB_ON,5.5599,10.4679
8666,DB_ON,6.2458,12.0027
8667,DB_ON,5.0135,10.6979
8668,DB_ON,5.7014,11.7668
8669,DB_ON,4.5729,9.5666
8670,DB_ON,6.311,13.3825
8671,DB_ON,4.1634,8.5972
8672,DB_ON,6.6666,12.3196
8673,DB_ON,4.881,9.9583
8674,DB_ON,6.2707,12.1998
8675,DB_ON,5.1668,10.0361
8676,DB_ON,5.9873,11.2332
8677,DB_ON,5.9448,10.3673
8678,DB_ON,6.3227,11.8796
8679,DB_ON,4.9999,10.0829
8680,DB_ON,6.1981,11.7599
8681,DB_ON,5.1854,10.0556
8682,DB_ON,6.082,11.8746
8683,DB_ON,5.0769,9.9041
8684,DB_ON,6.2739,11.7423
8685,DB_ON,5.2556,10.0625
8686,DB_ON,6.3537,12.2562
8687,DB_ON,5.2468,10.2731
8688,DB_ON,5.9069,11.5601
8689,DB_ON,5.3988,9.9897
8690,DB_ON,6.293,12.4237
8691,DB_ON,4.2368,9.2239
8692,DB_ON,6.307,12.4516
8693,DB_ON,4.9126,9.6438
8694,DB_ON,6.3776,11.9548
8695,DB_ON,5.316,10.1673
8696,DB_ON,6.3828,12.0705
8697,DB_ON,5.0128,9.8272
8698,DB_ON,6.6247,12.5231
8699,DB_ON,4.764,9.7514
8700,DB_ON,6.5095,11.7858
8701,DB_ON,5.5498,10.632
8702,DB_ON,6.0999,11.7787
8703,DB_ON,5.0453,9.9783
8704,DB_ON,6.5379,12.2799
8705,DB_ON,4.6721,9.8583
8706,DB_ON,6.1441,11.9509
8707,DB_ON,5.1707,10.3438
8708,DB_ON,5.7221,11.8415
8709,DB_ON,4.2877,9.6853
8710,DB_ON,6.0822,12.4712
8711,DB_ON,4.1027,9.8278
8712,DB_ON,5.2793,10.7971
8713,DB_ON,5.8599,11.1905
8714,DB_ON,5.6314,11.4113
8715,DB_ON,4.7666,9.9962
8716,DB_ON,6.1066,11.9374
8717,DB_ON,4.7343,9.9618
8718,DB_ON,5.7946,11.2376
8719,DB_ON,6.0162,11.1595
8720,DB_ON,5.8321,11.6662
8721,DB_ON,4.8047,10.0261
8722,DB_ON,5.968,12.3038
8723,DB_ON,4.1184,9.9207
8724,DB_ON,4.9471,10.4583
8725,DB_ON,5.4501,10.7359
8726,DB_ON,5.6594,11.3873
8727,DB_ON,5.1054,10.4672
8728,DB_ON,5.6179,11.8096
8729,DB_ON,3.9673,9.5156
8730,DB_ON,5.7878,11.2983
8731,DB_ON,5.4854,12.2753
8732,DB_ON,3.537,9.0754
8733,DB_ON,5.4575,10.627
8734,DB_ON,5.7389,11.6492
8735,DB_ON,3.9153,8.9709
8736,DB_ON,5.6937,11.9595
8737,DB_ON,4.753,10.0967
8738,DB_ON,5.8186,11.6116
8739,DB_ON,4.0622,9.4147
8740,DB_ON,5.7919,11.6192
8741,DB_ON,4.9184,9.8075
8742,DB_ON,6.0329,12.1714
8743,DB_ON,3.969,9.1281
8744,DB_ON,5.5401,11.3329
8745,DB_ON,5.1702,10.3638
8746,DB_ON,5.5566,11.0857
8747,DB_ON,5.1748,10.2914
8748,DB_ON,6.1704,11.6969
8749,DB_ON,5.4698,10.5038
8750,DB_ON,5.9405,11.5273
8751,DB_ON,5.132,9.8187
8752,DB_ON,6.4812,12.0784
8753,DB_ON,4.4438,9.6387
8754,DB_ON,5.8775,11.8323
8755,DB_ON,4.59,9.8489
8756,DB_ON,5.1821,10.7876
8757,DB_ON,5.703,10.3901
8758,DB_ON,5.8384,11.6941
8759,DB_ON,4.706,9.9407
8760,DB_ON,4.9985,11.3219
8761,DB_ON,4.3634,10.2962
8762,DB_ON,5.3581,10.7519
8763,DB_ON,5.1448,10.7998
8764,DB_ON,5.1706,11.461
8765,DB_ON,4.6526,10.0945
8766,DB_ON,5.6249,11.2193
8767,DB_ON,5.3752,10.3658
8768,DB_ON,6.1367,11.616
8769,DB_ON,5.18,10.4103
8770,DB_ON,5.6269,11.4538
8771,DB_ON,4.2939,9.6077
8772,DB_ON,5.7474,11.5563
8773,DB_ON,5.1857,10.4088
8774,DB_ON,5.69,10.9614
8775,DB_ON,4.9724,9.8616
8776,DB_ON,5.787,11.2711
8777,DB_ON,4.9373,9.997
8778,DB_ON,5.9552,11.73
8779,DB_ON,5.3062,10.1188
8780,DB_ON,6.2689,11.8579
8781,DB_ON,4.9643,9.8393
8782,DB_ON,6.1035,11.6682
8783,DB_ON,5.0418,10.1007
8784,DB_ON,6.1515,11.6124
8785,DB_ON,5.3615,10.3643
8786,DB_ON,5.7551,11.291
8787,DB_ON,5.1339,9.9967
8788,DB_ON,5.5334,11.0357
8789,DB_ON,5.1933,10.0991
8790,DB_ON,6.4849,12.5242
8791,DB_ON,4.1937,9.2768
8792,DB_ON,5.9106,11.3472
8793,DB_ON,5.9778,10.8615
8794,DB_ON,5.5193,11.3241
8795,DB_ON,4.3982,9.3962
8796,DB_ON,6.4508,12.2161
8797,DB_ON,4.7743,9.8376
8798,DB_ON,5.483,11.1056
8799,DB_ON,5.9652,10.4922
8800,DB_ON,6.4961,12.0002
8801,DB_ON,4.9903,9.8909
8802,DB_ON,6.646,12.6254
8803,DB_ON,4.4706,9.6711
8804,DB_ON,5.322,10.7643
8805,DB_ON,5.7554,10.4213
8806,DB_ON,6.3624,12.0052
8807,DB_ON,4.8282,9.854
8808,DB_ON,6.0964,12.1554
8809,DB_ON,4.5985,9.8041
8810,DB_ON,5.8722,11.1966
8811,DB_ON,6.0127,10.7654
8812,DB_ON,5.846,11.6003
8813,DB_ON,4.7613,10.2407
8814,DB_ON,6.0785,11.9656
8815,DB_ON,4.0663,9.543
8816,DB_ON,5.7561,11.4377
8817,DB_ON,5.2387,10.3285
8818,DB_ON,5.3502,11.3527
8819,DB_ON,5.1607,9.873
8820,DB_ON,6.463,12.3926
8821,DB_ON,4.4947,9.5686
8822,DB_ON,6.1366,11.7481
8823,DB_ON,4.6736,10.1359
8824,DB_ON,5.7861,11.2005
8825,DB_ON,5.8075,10.4955
8826,DB_ON,6.1857,12.3053
8827,DB_ON,4.0602,9.3107
8828,DB_ON,6.4063,11.9242
8829,DB_ON,5.3004,10.3895
8830,DB_ON,5.5353,11.0682
8831,DB_ON,5.8635,10.4419
8832,DB_ON,6.3418,11.7898
8833,DB_ON,4.23,9.366
8834,DB_ON,6.5001,12.2179
8835,DB_ON,4.7861,9.8487
8836,DB_ON,5.3053,11.0597
8837,DB_ON,4.7934,9.7003
8838,DB_ON,6.7058,12.349
8839,DB_ON,4.816,9.6429
8840,DB_ON,6.6401,12.381
8841,DB_ON,5.0193,9.4815
8842,DB_ON,6.3014,13.1701
8843,DB_ON,4.0375,8.6605
8844,DB_ON,5.9464,11.9449
8845,DB_ON,4.7364,9.9452
8846,DB_ON,6.0157,11.5407
8847,DB_ON,5.0385,10.2965
8848,DB_ON,6.0734,11.4399
8849,DB_ON,5.1644,10.0609
8850,DB_ON,6.1476,11.6239
8851,DB_ON,5.7239,10.3793
8852,DB_ON,6.3374,11.7447
8853,DB_ON,5.2536,9.8834
8854,DB_ON,6.4934,11.9696
8855,DB_ON,5.0759,10.1378
8856,DB_ON,6.3982,12.0629
8857,DB_ON,5.0178,10.1872
8858,DB_ON,6.2673,11.9886
8859,DB_ON,5.1108,10.1846
8860,DB_ON,6.1374,11.7308
8861,DB_ON,4.7174,9.5601
8862,DB_ON,6.5302,12.2858
8863,DB_ON,4.7513,10.0084
8864,DB_ON,6.0908,11.7718
8865,DB_ON,5.2463,10.5063
8866,DB_ON,5.6945,11.5338
8867,DB_ON,5.3377,10.3365
8868,DB_ON,6.178,12.0115
8869,DB_ON,4.4987,9.6735
8870,DB_ON,6.2931,11.9643
8871,DB_ON,4.9726,10.3894
8872,DB_ON,5.2899,11.1213
8873,DB_ON,5.5528,10.5877
8874,DB_ON,6.1025,11.8493
8875,DB_ON,4.375,9.6841
8876,DB_ON,6.1773,11.7924
8877,DB_ON,5.2774,10.4372
8878,DB_ON,5.3791,11.0415
8879,DB_ON,5.711,10.7182
8880,DB_ON,6.0652,11.8043
8881,DB_ON,4.7312,9.9686
8882,DB_ON,5.9648,11.6986
8883,DB_ON,4.8214,9.9375
8884,DB_ON,5.4282,10.961
8885,DB_ON,5.8209,10.3402
8886,DB_ON,6.7606,12.4041
8887,DB_ON,4.5669,9.5885
8888,DB_ON,6.4501,12.0069
8889,DB_ON,5.2535,10.4458
8890,DB_ON,5.7469,11.362
8891,DB_ON,5.2535,9.9331
8892,DB_ON,6.7811,12.5093
8893,DB_ON,4.7112,9.5455
8894,DB_ON,6.1103,11.6659
8895,DB_ON,4.9565,9.4565
8896,DB_ON,6.3851,11.953
8897,DB_ON,5.0805,9.9739
8898,DB_ON,6.2534,11.734
8899,DB_ON,5.5647,10.3417
8900,DB_ON,6.0777,11.6671
8901,DB_ON,5.1885,10.1116
8902,DB_ON,6.1281,11.8211
8903,DB_ON,5.0003,9.8541
8904,DB_ON,6.5718,11.892
8905,DB_ON,5.5836,10.3686
8906,DB_ON,5.9228,11.6916
8907,DB_ON,5.1752,9.9207
8908,DB_ON,6.3771,11.9977
8909,DB_ON,4.9237,9.9881
8910,DB_ON,6.1829,11.5138
8911,DB_ON,5.643,10.412
8912,DB_ON,6.1299,11.7739
8913,DB_ON,4.8201,10.1052
8914,DB_ON,6.3211,11.8841
8915,DB_ON,4.9083,9.831
8916,DB_ON,6.0968,11.8841
8917,DB_ON,5.572,10.3049
8918,DB_ON,5.9899,11.6653
8919,DB_ON,5.1479,9.9719
8920,DB_ON,6.4328,11.9715
8921,DB_ON,4.9425,9.9408
8922,DB_ON,6.2791,12.0363
8923,DB_ON,5.2303,9.8098
8924,DB_ON,6.4814,12.03
8925,DB_ON,5.4057,10.0662
8926,DB_ON,6.496,12.191
8927,DB_ON,4.9518,9.6213
8928,DB_ON,7.1517,12.6644
8929,DB_ON,4.8271,9.7884
8930,DB_ON,6.0833,11.9002
8931,DB_ON,5.3104,9.994
8932,DB_ON,6.3706,11.8443
8933,DB_ON,4.8971,9.5204
8934,DB_ON,6.8907,12.6174
8935,DB_ON,4.6799,9.6785
8936,DB_ON,6.2383,11.8516
8937,DB_ON,5.4339,10.3235
8938,DB_ON,6.1385,11.7504
8939,DB_ON,4.9935,9.8681
8940,DB_ON,6.4117,12.0133
8941,DB_ON,5.3972,10.3982
8942,DB_ON,5.8414,11.5556
8943,DB_ON,5.3025,10.0615
8944,DB_ON,6.2717,11.836
8945,DB_ON,4.7568,9.7569
8946,DB_ON,5.9479,12.5015
8947,DB_ON,3.4996,9.2677
8948,DB_ON,5.3004,11.9712
8949,DB_ON,4.1716,9.6272
8950,DB_ON,5.6478,12.6123
8951,DB_ON,3.4679,9.4587
8952,DB_ON,5.3387,12.0297
8953,DB_ON,3.8589,10.5959
8954,DB_ON,4.5134,11.6966
8955,DB_ON,3.804,10.2977
8956,DB_ON,4.6127,12.6195
8957,DB_ON,3.0117,9.6718
8958,DB_ON,4.5615,12.3071
8959,DB_ON,2.6832,9.7602
8960,DB_ON,4.3296,12.2021
8961,DB_ON,3.0201,10.1393
8962,DB_ON,3.9656,12.5677
8963,DB_ON,2.4264,9.5556
8964,DB_ON,4.3361,12.5301
8965,DB_ON,2.1434,10.4948
8966,DB_ON,3.2677,11.6702
8967,DB_ON,2.4191,9.6931
8968,DB_ON,3.8999,12.3651
8969,DB_ON,2.1209,9.5828
8970,DB_ON,4.1177,12.5329
8971,DB_ON,2.2005,9.8516
8972,DB_ON,3.6245,11.7346
8973,DB_ON,2.8613,10.6609
8974,DB_ON,3.4012,11.953
8975,DB_ON,2.0933,9.3827
8976,DB_ON,3.8422,11.7139
8977,DB_ON,2.7588,11.086
8978,DB_ON,2.5705,10.6043
8979,DB_ON,2.9008,10.7758
8980,DB_ON,3.1038,11.5021
8981,DB_ON,2.1601,9.9274
8982,DB_ON,3.8857,12.3602
8983,DB_ON,1.867,9.5737
8984,DB_ON,3.6087,12.0627
8985,DB_ON,2.1328,9.2728
8986,DB_ON,3.5737,12.7207
8987,DB_ON,7.3833,15.4131
8988,DB_ON,2.6194,11.2443
8989,DB_ON,3.1049,10.7721
8990,DB_ON,2.2772,10.9834
8991,DB_ON,2.7707,10.4297
8992,DB_ON,3.2311,11.5484
8993,DB_ON,2.5939,10.844
8994,DB_ON,2.8369,11.1662
8995,DB_ON,2.2821,10.0724
8996,DB_ON,2.7383,11.3743
8997,DB_ON,2.7568,10.4032
8998,DB_ON,3.3212,11.6194
8999,DB_ON,2.743,10.4534
9000,DB_ON,3.1882,11.3675
9001,DB_ON,3.1316,10.88
9002,DB_ON,2.1302,10.4188
9003,DB_ON,3.1663,10.4972
9004,DB_ON,3.1048,11.3661
9005,DB_ON,2.8861,10.341
9006,DB_ON,2.9566,11.352
9007,DB_ON,3.2944,10.7575
9008,DB_ON,3.259,11.4362
9009,DB_ON,2.7699,10.2545
9010,DB_ON,3.3892,11.5215
9011,DB_ON,2.5539,10.014
9012,DB_ON,3.1915,11.3694
9013,DB_ON,3.6255,10.9401
9014,DB_ON,2.4801,10.7208
9015,DB_ON,2.9568,10.5982
9016,DB_ON,3.4162,11.3258
9017,DB_ON,2.9551,10.3518
9018,DB_ON,3.3591,11.5505
9019,DB_ON,3.0233,10.3779
9020,DB_ON,3.2994,11.4127
9021,DB_ON,2.826,10.2578
9022,DB_ON,3.4043,11.3925
9023,DB_ON,3.0798,10.6227
9024,DB_ON,2.8875,11.3595
9025,DB_ON,3.3741,10.7677
9026,DB_ON,2.7418,10.8047
9027,DB_ON,3.0468,10.3874
9028,DB_ON,3.6686,11.713
9029,DB_ON,2.5921,10.0109
9030,DB_ON,3.4876,11.5959
9031,DB_ON,2.9126,10.3289
9032,DB_ON,3.1569,11.3919
9033,DB_ON,3.1656,10.5365
9034,DB_ON,3.5243,11.5126
9035,DB_ON,2.6542,10.5578
9036,DB_ON,3.1283,11.2083
9037,DB_ON,2.8458,10.1177
9038,DB_ON,3.5927,11.6786
9039,DB_ON,2.6732,10.2578
9040,DB_ON,3.5205,11.4403
9041,DB_ON,3.1882,10.9432
9042,DB_ON,2.7039,11.0365
9043,DB_ON,3.4925,10.7423
9044,DB_ON,3.2676,11.6256
9045,DB_ON,2.5516,10.0206
9046,DB_ON,3.5005,11.8817
9047,DB_ON,2.7138,10.1558
9048,DB_ON,2.9163,11.1507
9049,DB_ON,3.1999,10.3818
9050,DB_ON,3.7457,11.1269
9051,DB_ON,3.7229,10.0135
9052,DB_ON,4.3808,11.2612
9053,DB_ON,4.2269,10.2889
9054,DB_ON,4.5834,11.2627
9055,DB_ON,4.5999,10.5047
9056,DB_ON,5.0962,11.2014
9057,DB_ON,4.9927,10.2985
9058,DB_ON,5.6895,11.3909
9059,DB_ON,5.1825,9.9804
9060,DB_ON,5.5083,11.0672
9061,DB_ON,6.2211,10.6232
9062,DB_ON,5.5155,10.9022
9063,DB_ON,5.8012,10.5502
9064,DB_ON,6.3915,11.6032
9065,DB_ON,5.6816,10.8892
9066,DB_ON,5.315,10.4453
9067,DB_ON,6.1688,10.6215
9068,DB_ON,6.3975,11.6527
9069,DB_ON,5.7168,10.2201
9070,DB_ON,6.3078,11.7123
9071,DB_ON,5.731,10.6162
9072,DB_ON,5.7583,10.7661
9073,DB_ON,5.8673,10.46
9074,DB_ON,5.9712,11.3267
9075,DB_ON,5.6529,10.3235
9076,DB_ON,6.3087,11.2549
9077,DB_ON,5.9342,10.975
9078,DB_ON,5.5946,10.7163
9079,DB_ON,6.1373,10.7065
9080,DB_ON,6.2288,11.5049
9081,DB_ON,5.9858,10.5282
9082,DB_ON,6.4159,11.6859
9083,DB_ON,5.8018,10.3101
9084,DB_ON,6.1292,11.1329
9085,DB_ON,6.5173,10.783
9086,DB_ON,6.2211,11.3545
9087,DB_ON,6.199,10.7051
9088,DB_ON,6.2894,11.6149
9089,DB_ON,5.9534,10.4905
9090,DB_ON,6.1476,10.9633
9091,DB_ON,6.1102,10.3372
9092,DB_ON,6.6138,11.6045
9093,DB_ON,5.4711,10.5373
9094,DB_ON,6.076,11.1865
9095,DB_ON,5.8629,10.5945
9096,DB_ON,5.9747,10.87
9097,DB_ON,6.5853,10.9863
9098,DB_ON,5.9687,11.1075
9099,DB_ON,6.2677,10.5764
9100,DB_ON,6.4872,11.6892
9101,DB_ON,5.9314,10.3395
9102,DB_ON,6.1892,11.4405
9103,DB_ON,5.7405,10.2232
9104,DB_ON,6.3032,12.5604
9105,DB_ON,5.1524,9.6877
9106,DB_ON,6.2997,11.4544
9107,DB_ON,6.0004,10.429
9108,DB_ON,6.2528,11.1371
9109,DB_ON,6.4626,10.7975
9110,DB_ON,6.3795,11.2828
9111,DB_ON,6.5012,10.8169
9112,DB_ON,6.1827,11.1588
9113,DB_ON,6.1268,11.257
9114,DB_ON,5.5026,10.4263
9115,DB_ON,6.1256,10.6093
9116,DB_ON,6.2721,11.6117
9117,DB_ON,5.7034,10.8243
9118,DB_ON,5.845,11.1106
9119,DB_ON,5.539,10.0609
9120,DB_ON,6.2889,11.5123
9121,DB_ON,6.021,10.3263
9122,DB_ON,5.9713,11.2892
9123,DB_ON,6.1016,10.5919
9124,DB_ON,6.3371,11.6152
9125,DB_ON,5.7153,10.4244
9126,DB_ON,6.2718,11.4894
9127,DB_ON,6.0928,10.3135
9128,DB_ON,6.2214,11.3394
9129,DB_ON,6.1696,10.6899
9130,DB_ON,6.284,11.6388
9131,DB_ON,4.8456,10.1012
9132,DB_ON,6.1964,11.0124
9133,DB_ON,6.1199,10.5833
9134,DB_ON,6.1257,11.3865
9135,DB_ON,6.0578,10.6518
9136,DB_ON,6.4354,11.9636
9137,DB_ON,4.7137,9.7724
9138,DB_ON,6.4325,11.3151
9139,DB_ON,5.9643,10.4597
9140,DB_ON,6.1358,11.2521
9141,DB_ON,6.0705,10.4778
9142,DB_ON,6.1652,11.6952
9143,DB_ON,5.4866,10.7503
9144,DB_ON,5.8575,11.0484
9145,DB_ON,5.5634,10.2134
9146,DB_ON,6.0977,11.3408
9147,DB_ON,6.0445,10.5291
9148,DB_ON,6.7696,11.9974
9149,DB_ON,4.9634,10.2015
9150,DB_ON,6.0807,11.2559
9151,DB_ON,5.7449,10.1373
9152,DB_ON,6.5087,11.9773
9153,DB_ON,5.619,10.0744
9154,DB_ON,6.8526,12.0764
9155,DB_ON,5.2478,9.8773
9156,DB_ON,6.3886,11.563
9157,DB_ON,5.6132,10.2091
9158,DB_ON,6.5277,11.758
9159,DB_ON,5.3346,10.2654
9160,DB_ON,6.0594,11.0245
9161,DB_ON,6.0114,10.6536
9162,DB_ON,6.0443,11.2468
9163,DB_ON,5.3008,9.8944
9164,DB_ON,6.4762,11.6503
9165,DB_ON,5.1335,9.8141
9166,DB_ON,6.0764,11.3319
9167,DB_ON,5.3933,10.0528
9168,DB_ON,5.9876,11.1445
9169,DB_ON,5.7537,10.3932
9170,DB_ON,6.1175,11.5272
9171,DB_ON,5.1083,9.9242
9172,DB_ON,6.687,11.9207
9173,DB_ON,5.6023,10.2817
9174,DB_ON,6.0482,11.3141
9175,DB_ON,5.5062,9.9011
9176,DB_ON,6.4335,11.772
9177,DB_ON,5.6497,10.0487
9178,DB_ON,6.8876,12.1545
9179,DB_ON,4.9922,9.8286
9180,DB_ON,6.626,11.5599
9181,DB_ON,5.5007,10.2049
9182,DB_ON,6.1124,11.9004
9183,DB_ON,4.8065,9.6726
9184,DB_ON,6.3204,12.1735
9185,DB_ON,4.7431,9.5815
9186,DB_ON,6.0439,11.3639
9187,DB_ON,5.1457,9.7132
9188,DB_ON,6.509,11.8289
9189,DB_ON,5.3092,10.2855
9190,DB_ON,6.1579,11.5132
9191,DB_ON,5.6364,10.3674
9192,DB_ON,6.3192,11.6366
9193,DB_ON,5.7112,10.1884
9194,DB_ON,6.6098,11.9567
9195,DB_ON,5.4307,10.1483
9196,DB_ON,7.0467,12.3074
9197,DB_ON,5.0608,9.8189
9198,DB_ON,6.6789,11.6309
9199,DB_ON,6.1177,10.4737
9200,DB_ON,6.7075,12.0869
9201,DB_ON,5.2984,10.0829
9202,DB_ON,6.6878,12.0864
9203,DB_ON,5.036,9.8932
9204,DB_ON,6.0419,11.0826
9205,DB_ON,5.963,10.8148
9206,DB_ON,5.6524,10.953
9207,DB_ON,5.877,10.456
9208,DB_ON,6.2702,11.6732
9209,DB_ON,4.1607,9.1427
9210,DB_ON,5.9919,11.1111
9211,DB_ON,5.6079,10.0356
9212,DB_ON,6.083,11.6097
9213,DB_ON,4.954,9.5496
9214,DB_ON,6.4707,11.7764
9215,DB_ON,4.5004,9.4091
9216,DB_ON,6.2478,11.3529
9217,DB_ON,5.4707,9.8722
9218,DB_ON,5.9753,11.3258
9219,DB_ON,5.731,10.1127
9220,DB_ON,6.1921,11.2401
9221,DB_ON,5.1598,10.2114
9222,DB_ON,6.2554,11.4891
9223,DB_ON,5.5668,10.0735
9224,DB_ON,6.078,11.3088
9225,DB_ON,6.1764,10.5964
9226,DB_ON,6.3954,11.987
9227,DB_ON,5.0225,10.1768
9228,DB_ON,6.3228,11.4662
9229,DB_ON,5.7445,10.2542
9230,DB_ON,6.6852,11.8493
9231,DB_ON,5.8087,10.0849
9232,DB_ON,6.7504,12.0041
9233,DB_ON,4.9936,10.0529
9234,DB_ON,6.457,11.223
9235,DB_ON,6.1185,10.8044
9236,DB_ON,5.7875,10.7677
9237,DB_ON,6.3707,10.6606
9238,DB_ON,6.9347,12.1522
9239,DB_ON,5.0387,10.1254
9240,DB_ON,6.4155,11.5297
9241,DB_ON,5.7834,10.6338
9242,DB_ON,5.6608,10.7376
9243,DB_ON,6.2451,10.8095
9244,DB_ON,6.8147,11.9292
9245,DB_ON,5.0396,10.0844
9246,DB_ON,6.2622,11.3819
9247,DB_ON,5.7038,10.273
9248,DB_ON,6.4969,11.7216
9249,DB_ON,5.8735,10.2389
9250,DB_ON,6.9303,12.1023
9251,DB_ON,5.0521,10.0969
9252,DB_ON,6.4016,11.5928
9253,DB_ON,5.8613,10.4676
9254,DB_ON,6.1565,11.0757
9255,DB_ON,6.1335,11.099
9256,DB_ON,6.792,11.9022
9257,DB_ON,5.2082,10.31
9258,DB_ON,6.366,11.1214
9259,DB_ON,6.3131,10.72
9260,DB_ON,6.6845,11.8489
9261,DB_ON,5.5047,10.4811
9262,DB_ON,6.7408,11.9528
9263,DB_ON,5.1492,10.1803
9264,DB_ON,6.2938,11.4991
9265,DB_ON,5.9309,10.5322
9266,DB_ON,6.3828,11.8214
9267,DB_ON,5.0228,10.091
9268,DB_ON,6.6961,11.9901
9269,DB_ON,4.8566,10.0031
9270,DB_ON,5.88,11.0877
9271,DB_ON,6.1693,10.5463
9272,DB_ON,6.4152,11.7551
9273,DB_ON,5.3269,10.1807
9274,DB_ON,6.794,12.0513
